WKT,name,description,From Dora To Baskinta,From Dora To Bikfaya,From Dora to Antelias,Time Table,busname,desci,id,line_parent_id,hub_id,color_path,line_thik,line_type,en_start_name,en_end_name,estimation_time,bus_nb,distance,recorded_date,price,start_time,end_time,track_by,service_type,company_id,default_image,vehicule_type,image_schduel
"LINESTRING (35.494687 33.87578, 35.494881 33.874708, 35.49462 33.873335, 35.494576 33.871792, 35.494546 33.871139, 35.494641 33.869955, 35.494484 33.868783, 35.494089 33.865037, 35.493829 33.862167, 35.493277 33.854561, 35.493538 33.850478, 35.493732 33.846139, 35.494011 33.841541, 35.494313 33.836998, 35.495891 33.8341, 35.497456 33.833461, 35.498766 33.833047, 35.499959 33.83245, 35.500862 33.83164, 35.503699 33.824673, 35.499405 33.818946, 35.497485 33.816563, 35.495677 33.814171, 35.493701 33.811717, 35.4919 33.809407, 35.490763 33.807915, 35.489795 33.806686, 35.488361 33.80491, 35.486635 33.802636, 35.484659 33.800168, 35.482608 33.797533, 35.482751 33.794063, 35.481889 33.791752, 35.480808 33.790058, 35.479408 33.787906, 35.478105 33.785954, 35.476838 33.784977, 35.475485 33.784273, 35.47453 33.782474, 35.473627 33.78125, 35.472541 33.779659, 35.471772 33.778321, 35.470991 33.776863, 35.470211 33.775293, 35.46952 33.774019, 35.468347 33.771678, 35.468228 33.77069, 35.466459 33.768281, 35.463615 33.765501, 35.460208 33.762221, 35.45762 33.758481, 35.455406 33.754849, 35.452967 33.7511, 35.452438 33.747136, 35.453107 33.742865, 35.453688 33.738861, 35.453755 33.73473, 35.453209 33.730003, 35.452637 33.725137, 35.452131 33.721095, 35.451648 33.7173, 35.45122 33.715372, 35.450336 33.712412, 35.448159 33.708729, 35.444606 33.705349, 35.441141 33.701711, 35.437241 33.697858, 35.432143 33.696078, 35.427269 33.694032, 35.423554 33.690876, 35.424293 33.686352, 35.423775 33.681729, 35.423657 33.677236, 35.4274 33.673758, 35.42812 33.669549, 35.428007 33.665244, 35.426024 33.660909, 35.424663 33.658315, 35.423555 33.656139, 35.420702 33.653176, 35.416208 33.650541, 35.410559 33.649394, 35.404809 33.648514, 35.401339 33.645378, 35.402317 33.641213, 35.402632 33.636891, 35.402189 33.632456, 35.401796 33.629321, 35.40155 33.627447, 35.400253 33.627247, 35.39972 33.62641, 35.39956 33.625325, 35.399218 33.623957, 35.399362 33.6217, 35.399957 33.620172, 35.401023 33.617664, 35.401411 33.614413, 35.401915 33.611754, 35.399665 33.610714, 35.398562 33.609291, 35.396634 33.607372, 35.393158 33.606655, 35.389697 33.605472, 35.388784 33.602648, 35.389052 33.599999, 35.389237 33.598759, 35.389099 33.596661, 35.388356 33.59404, 35.388043 33.592848, 35.387677 33.5917, 35.387353 33.590604, 35.386993 33.589037, 35.386459 33.587194, 35.386035 33.585797, 35.385532 33.583982, 35.384678 33.581495, 35.383623 33.579132, 35.381835 33.576515, 35.380329 33.574422, 35.378126 33.5722, 35.376721 33.569442, 35.375827 33.567612, 35.376247 33.566837, 35.375189 33.566052, 35.374602 33.565631)",Cola - Saida,,,,,,Cola - Saida,dd,4,22,Dora,gray,5,1,cola,Saida (sehit nejmeh),0:45:00,,49,1/12/2018 0:00,2000,5:17:18,21:16:17,chadi,Daily Service,OCFTC,,Van (10 Seats),
"LINESTRING (35.375731 33.565811, 35.376513 33.567263, 35.37752 33.569132, 35.378258 33.570718, 35.379937 33.573446, 35.385177 33.582045, 35.386368 33.585895, 35.387635 33.590597, 35.389156 33.595929, 35.391411 33.598716, 35.391152 33.60198, 35.393192 33.60512, 35.398578 33.606499, 35.403485 33.608125, 35.405613 33.611609, 35.404137 33.6162, 35.40258 33.622109, 35.402159 33.627426, 35.402481 33.633424, 35.402919 33.638593, 35.401826 33.643439, 35.402797 33.647521, 35.407886 33.648778, 35.414331 33.650076, 35.421903 33.653838, 35.425183 33.658942, 35.428211 33.665503, 35.428293 33.669966, 35.427138 33.674359, 35.423557 33.677744, 35.424842 33.683564, 35.423679 33.688166, 35.42461 33.692268, 35.430156 33.69529, 35.43639 33.697329, 35.441649 33.70222, 35.445101 33.705679, 35.449386 33.710012, 35.451156 33.714306, 35.452369 33.721439, 35.453156 33.728102, 35.45384 33.734135, 35.453704 33.739308, 35.452975 33.744901, 35.45319 33.751426, 35.456907 33.75715, 35.461448 33.763329, 35.46635 33.768037, 35.469274 33.771689, 35.47168 33.77533, 35.473881 33.778929, 35.476197 33.781943, 35.478154 33.785675, 35.480188 33.78891, 35.482828 33.792903, 35.482793 33.795626, 35.483847 33.798941, 35.486358 33.801925, 35.488217 33.804501, 35.4906 33.807535, 35.493875 33.811828, 35.496678 33.815438, 35.499158 33.818676, 35.505284 33.827108, 35.497792 33.833446, 35.49533 33.834822, 35.494353 33.837054, 35.494263 33.841726, 35.494039 33.846297, 35.493956 33.84997, 35.493732 33.8531, 35.494021 33.857072, 35.49374 33.858183, 35.493951 33.85882, 35.494122 33.860595, 35.494343 33.862651, 35.494859 33.871164, 35.495174 33.873575)",Cola - Saida,,,,,,Cola - Saida,,6,22,Cola,gray,5,1,cola,Saida (sehit nejmeh),0:45:00,,0,4/2/2016 0:00,2500,5:00:00,7:30:00,jad,Inter-Urban Express,LTC,,"Coach (\""Pullman\"")",
"LINESTRING (35.49435 33.876787, 35.494236 33.876607, 35.49482 33.876275, 35.494841 33.875247, 35.495095 33.874005, 35.494991 33.87269, 35.494549 33.87068, 35.494485 33.869525, 35.494145 33.866566, 35.493953 33.864358, 35.493747 33.862545, 35.493495 33.860352, 35.493597 33.859656, 35.493607 33.858892, 35.493517 33.857757, 35.493153 33.857079, 35.49113 33.855543, 35.485234 33.851772, 35.48493 33.847437, 35.484946 33.846916, 35.484871 33.845153, 35.484784 33.843384, 35.484763 33.842051, 35.484599 33.840653, 35.484589 33.839177, 35.484502 33.838143, 35.484552 33.837263, 35.484455 33.836378, 35.484386 33.83509, 35.484356 33.833893, 35.484311 33.832776, 35.484168 33.831131, 35.484203 33.829938, 35.48448 33.82768, 35.484748 33.826816, 35.485084 33.8254, 35.485599 33.823487, 35.4832 33.816929, 35.482666 33.814676, 35.482336 33.812431, 35.481906 33.809487, 35.481617 33.807658, 35.481014 33.804965, 35.47847 33.798891, 35.47804 33.795617, 35.478665 33.793458, 35.479479 33.791148, 35.480001 33.789546, 35.476891 33.784131, 35.475005 33.78119, 35.473975 33.779734, 35.47263 33.777509, 35.471357 33.775639, 35.470527 33.774006, 35.469602 33.772836, 35.468011 33.770377, 35.466541 33.768388, 35.464096 33.766122, 35.461 33.763129, 35.458876 33.7608, 35.457312 33.758136, 35.455274 33.754858, 35.4532 33.751588, 35.452283 33.749851, 35.452335 33.747169, 35.452486 33.745251, 35.452885 33.743366, 35.453169 33.741469, 35.453382 33.739832, 35.453716 33.737451, 35.453776 33.734594, 35.453439 33.732464, 35.453047 33.729322, 35.452766 33.726117, 35.452693 33.724225, 35.452256 33.721693, 35.451841 33.717997, 35.451187 33.714874, 35.45018 33.711877, 35.448395 33.70904, 35.446207 33.706834, 35.443478 33.704463, 35.442002 33.70304, 35.441371 33.702285, 35.439307 33.699372, 35.436863 33.697689, 35.433421 33.696375, 35.429479 33.695199, 35.425814 33.693364, 35.423409 33.690839, 35.423229 33.688438, 35.424222 33.686149, 35.424707 33.683826, 35.423936 33.681783, 35.422481 33.678958, 35.422683 33.676873, 35.422876 33.67565, 35.423505 33.673548, 35.423491 33.671263, 35.422847 33.668191, 35.422974 33.666598, 35.422784 33.664847, 35.422175 33.663508, 35.421499 33.662662, 35.421153 33.661869, 35.421385 33.660997, 35.421334 33.660105, 35.419886 33.658561, 35.419344 33.657806, 35.418897 33.65699, 35.418063 33.654112, 35.416468 33.65258, 35.414842 33.651893, 35.41346 33.651118, 35.41171 33.650231, 35.409978 33.649831, 35.407904 33.649211, 35.405361 33.648861, 35.402746 33.648491, 35.401064 33.647081, 35.400021 33.645469, 35.400479 33.643162, 35.400584 33.642444, 35.400471 33.640263, 35.400633 33.637384, 35.400235 33.633453, 35.400484 33.631085, 35.400258 33.629166, 35.399782 33.626648, 35.399512 33.625481, 35.399083 33.623572, 35.399405 33.621571, 35.400654 33.618816, 35.401134 33.615883, 35.401593 33.613865, 35.401918 33.611784, 35.400612 33.611209, 35.399394 33.610433, 35.397718 33.608198, 35.39607 33.607322, 35.394262 33.607094, 35.391998 33.606353, 35.389085 33.605135, 35.388317 33.603055, 35.388688 33.602422, 35.389093 33.600124, 35.389243 33.5982, 35.389014 33.596186, 35.388034 33.592673, 35.387536 33.590872, 35.387008 33.589258, 35.386226 33.586428, 35.385419 33.583534, 35.384125 33.579716, 35.379068 33.572833, 35.376044 33.567739, 35.37446 33.566476)",Cola - Saida,,,,,,Cola - Saida,,7,22,Cola,red,5,1,cola,Saida (sehit nejmeh)(5),1:00:00,,0,1/1/2017 0:00,,5:00:00,7:00:00,,Daily Service,OCFTC,,Bus (24 Seats),
"LINESTRING (35.68815 33.398671, 35.687695 33.399204, 35.687147 33.399293, 35.686158 33.399054, 35.685079 33.399282, 35.684302 33.39999, 35.682853 33.400472, 35.681577 33.400746, 35.679474 33.400201, 35.678602 33.399131, 35.678076 33.397291, 35.67742 33.397235, 35.676596 33.398952, 35.6748 33.399582, 35.673054 33.399225, 35.671268 33.401353, 35.669377 33.402126, 35.667149 33.402289, 35.66519 33.402418, 35.663405 33.40266, 35.662403 33.402094, 35.66171 33.401392, 35.659898 33.40034, 35.657722 33.39926, 35.656565 33.39851, 35.654158 33.397724, 35.65128 33.396233, 35.648889 33.394239, 35.647695 33.392789, 35.646918 33.391325, 35.646439 33.390322, 35.645571 33.389005, 35.64461 33.388049, 35.643636 33.387053, 35.641998 33.386061, 35.640466 33.385957, 35.639252 33.385608, 35.638994 33.384885, 35.63866 33.384304, 35.639224 33.382889, 35.639638 33.381185, 35.639963 33.379292, 35.640337 33.377265, 35.639744 33.375169, 35.639221 33.373037, 35.63717 33.371654, 35.634617 33.37083, 35.631899 33.370009, 35.62909 33.369437, 35.627195 33.369084, 35.625744 33.368766, 35.624526 33.36853, 35.622769 33.368056, 35.621709 33.367891, 35.620592 33.367681, 35.619437 33.367438, 35.618094 33.367145, 35.616807 33.366864, 35.61506 33.366512, 35.613886 33.366135, 35.612716 33.365553, 35.610219 33.365813, 35.607987 33.364442, 35.607224 33.361991, 35.606162 33.35995, 35.60407 33.357935, 35.601877 33.355812, 35.600655 33.354897, 35.59938 33.354463, 35.59752 33.3541, 35.596163 33.35495, 35.596453 33.356561, 35.597159 33.358233, 35.597444 33.359989, 35.597521 33.361862, 35.597462 33.363226, 35.596332 33.362996, 35.595017 33.363017, 35.593729 33.363374, 35.593219 33.362672, 35.592689 33.361537, 35.592231 33.360761, 35.591734 33.360006, 35.591079 33.359446, 35.590528 33.358785, 35.589441 33.357818, 35.588686 33.357097, 35.587364 33.356038, 35.586325 33.355215, 35.58537 33.354473, 35.584257 33.353448, 35.582919 33.352122, 35.58212 33.35134, 35.580741 33.349925, 35.579565 33.348728, 35.578294 33.347413, 35.577663 33.346508, 35.576451 33.344867, 35.575307 33.343318, 35.574813 33.342537, 35.573974 33.340899, 35.573239 33.339299, 35.572453 33.337701, 35.571401 33.335948, 35.570557 33.334613, 35.569829 33.333577, 35.569272 33.332663, 35.56845 33.331531, 35.567314 33.330704, 35.56625 33.329338, 35.565067 33.327862, 35.564281 33.326259, 35.563528 33.324438, 35.563344 33.322681, 35.563182 33.320888, 35.563287 33.319142, 35.56397 33.317601, 35.564806 33.315626, 35.56552 33.313467, 35.564979 33.310952, 35.564433 33.308633, 35.563955 33.306271, 35.563477 33.304047, 35.563005 33.301662, 35.563125 33.29932, 35.563165 33.298275, 35.562206 33.299745, 35.561785 33.301757, 35.561162 33.303371, 35.561005 33.30538, 35.559914 33.306638, 35.560382 33.30924, 35.559831 33.310634, 35.558884 33.309306, 35.557244 33.307657, 35.555283 33.306247, 35.554215 33.305971, 35.554132 33.306945, 35.553864 33.308913, 35.55389 33.310446, 35.553705 33.311466, 35.55316 33.312471, 35.550557 33.313385, 35.548047 33.313728, 35.546149 33.313632, 35.544589 33.314485, 35.543776 33.315393, 35.54305 33.316813, 35.543111 33.318657, 35.543072 33.321092, 35.542141 33.323681, 35.541713 33.326188, 35.542089 33.327539, 35.542995 33.328228, 35.543351 33.330155, 35.543789 33.332142, 35.543825 33.334073, 35.543109 33.336, 35.543409 33.338847, 35.543273 33.340797, 35.543202 33.341667, 35.543088 33.342828, 35.542736 33.34382, 35.541681 33.34404, 35.539592 33.344787, 35.540098 33.347366, 35.540813 33.349749, 35.540494 33.351898, 35.540262 33.354634, 35.539933 33.357161, 35.539622 33.359381, 35.538531 33.360962, 35.537552 33.360594, 35.536993 33.361528, 35.536635 33.363103, 35.536467 33.364834, 35.535491 33.366239, 35.533766 33.366549, 35.532544 33.365142, 35.532283 33.363642, 35.532228 33.362165, 35.530394 33.361929, 35.529465 33.36255, 35.529493 33.363868, 35.528334 33.364992, 35.526592 33.365616, 35.526207 33.36711, 35.525536 33.367646, 35.525186 33.3664, 35.525222 33.364821, 35.525135 33.363108, 35.524799 33.361416, 35.52465 33.359871, 35.524237 33.358405, 35.52535 33.357673, 35.524873 33.355948, 35.523859 33.354399, 35.521858 33.353168, 35.520572 33.352506, 35.518843 33.351708, 35.517176 33.352341, 35.517697 33.353744, 35.515848 33.353727, 35.514202 33.353372, 35.512558 33.353183, 35.5103 33.352925, 35.508781 33.352865, 35.506624 33.352659, 35.504636 33.352521, 35.503355 33.353279, 35.501711 33.35466, 35.500831 33.355811, 35.500363 33.356973, 35.499693 33.358285, 35.498615 33.359555, 35.497856 33.361237, 35.49732 33.363084, 35.496549 33.365028, 35.495682 33.366667, 35.494644 33.367951, 35.493966 33.368871, 35.493759 33.369909, 35.493873 33.371106, 35.494382 33.37274, 35.495438 33.374478, 35.494764 33.375584, 35.493781 33.376059, 35.492751 33.376354, 35.491827 33.37725, 35.491294 33.379127, 35.490723 33.380929, 35.490828 33.38243, 35.490663 33.384788, 35.490907 33.387146, 35.491027 33.388859, 35.490948 33.389463, 35.490592 33.390016, 35.490059 33.390851, 35.489583 33.391675, 35.488982 33.392668, 35.488075 33.393779, 35.486477 33.395365, 35.484517 33.397249, 35.482925 33.398773, 35.48127 33.400401, 35.479446 33.402258, 35.478912 33.404898, 35.47855 33.407, 35.478045 33.40866, 35.476805 33.409879, 35.475543 33.411103, 35.474178 33.412411, 35.472652 33.41387, 35.471579 33.415433, 35.470953 33.416824, 35.470114 33.418535, 35.468731 33.42143, 35.46716 33.424582, 35.464189 33.426374, 35.461463 33.428218, 35.459 33.429663, 35.455761 33.430665, 35.452956 33.431538, 35.449871 33.43257, 35.446619 33.433588, 35.443005 33.433711, 35.439705 33.433438, 35.435844 33.433105, 35.43164 33.433059, 35.427707 33.433286, 35.424383 33.433945, 35.421181 33.435118, 35.419192 33.436076, 35.417713 33.436786, 35.415002 33.438043, 35.412251 33.439403, 35.409608 33.441381, 35.406583 33.442472, 35.402742 33.443755, 35.399902 33.445064, 35.398568 33.447634, 35.397368 33.449848, 35.395578 33.451602, 35.393703 33.453877, 35.392138 33.456911, 35.39054 33.460034, 35.388443 33.462197, 35.387128 33.4649, 35.384688 33.467194, 35.381075 33.468221, 35.37765 33.469169, 35.373874 33.470135, 35.370388 33.470979, 35.366938 33.472531, 35.363851 33.474539, 35.361636 33.477129, 35.358814 33.479143, 35.355258 33.480128, 35.352126 33.478827, 35.350011 33.477821, 35.349072 33.480115, 35.346412 33.482002, 35.345713 33.48476, 35.344718 33.487788, 35.342695 33.491046, 35.342761 33.494453, 35.343163 33.497829, 35.344987 33.500939, 35.34799 33.503953, 35.351161 33.507211, 35.354431 33.510447, 35.357517 33.513607, 35.360595 33.516678, 35.363269 33.519883, 35.364489 33.523692, 35.365837 33.52754, 35.367849 33.531156, 35.370221 33.534442, 35.37211 33.537185, 35.371806 33.539291, 35.371751 33.540555, 35.37197 33.542316, 35.372653 33.544354, 35.373238 33.545747, 35.374839 33.547661, 35.376293 33.549247, 35.377412 33.550702, 35.378881 33.552435, 35.379308 33.553353, 35.379562 33.555332, 35.379204 33.556916, 35.37924 33.558392, 35.379352 33.559741, 35.379856 33.56186, 35.379888 33.562678, 35.380191 33.563529, 35.380978 33.565404, 35.381812 33.567627, 35.382358 33.568592, 35.383195 33.570287, 35.384106 33.572092, 35.385129 33.574167, 35.385944 33.576523, 35.386473 33.578959, 35.386665 33.580248, 35.386647 33.582261, 35.387086 33.584641, 35.387566 33.586404, 35.386768 33.58754, 35.387134 33.589043, 35.387866 33.591405, 35.388724 33.594242, 35.389663 33.597065, 35.391251 33.598572, 35.391305 33.600472, 35.391139 33.602635, 35.392752 33.604944, 35.396154 33.606148, 35.400316 33.606923, 35.404078 33.608713, 35.405644 33.612276, 35.404292 33.615928, 35.402859 33.619673, 35.402185 33.623625, 35.402112 33.627629, 35.402306 33.631805, 35.402596 33.63496, 35.402893 33.63867, 35.402109 33.642457, 35.401597 33.644183, 35.401575 33.64573, 35.403262 33.647841, 35.406952 33.648652, 35.410976 33.649323, 35.414832 33.650077, 35.418386 33.651335, 35.421436 33.653525, 35.423844 33.656329, 35.42553 33.659724, 35.427126 33.662846, 35.428204 33.665843, 35.42822 33.669086, 35.42796 33.672897, 35.425101 33.676005, 35.423175 33.679196, 35.42453 33.682781, 35.424423 33.686478, 35.423456 33.690062, 35.425838 33.693235, 35.43021 33.695321, 35.434987 33.696887, 35.439033 33.69887, 35.441438 33.70198, 35.444144 33.704836, 35.446952 33.707356, 35.449445 33.710119, 35.450733 33.712995, 35.451608 33.715847, 35.452093 33.719064, 35.452466 33.722206, 35.452815 33.725274, 35.453111 33.728359, 35.453535 33.731637, 35.453915 33.735005, 35.453876 33.738032, 35.453388 33.741521, 35.452928 33.744636, 35.452488 33.747774, 35.453038 33.75108, 35.454945 33.754035, 35.456903 33.757164, 35.45879 33.760252, 35.461324 33.763203, 35.464229 33.76594, 35.466617 33.768218, 35.468498 33.770744, 35.470223 33.773431, 35.471811 33.775886, 35.473475 33.778389, 35.474954 33.780704, 35.476446 33.783036, 35.477981 33.785449, 35.479251 33.787357, 35.479566 33.787867, 35.480469 33.789298, 35.481693 33.791224, 35.482314 33.792059, 35.482936 33.793669, 35.482929 33.79501, 35.482623 33.79408, 35.482134 33.792454, 35.481195 33.790886, 35.479759 33.791634, 35.478992 33.793988, 35.478048 33.796671, 35.479011 33.799752, 35.480479 33.803109, 35.481614 33.806708, 35.482209 33.810596, 35.48281 33.814641, 35.486524 33.821096, 35.485157 33.825856, 35.48453 33.828123, 35.484345 33.82887, 35.484243 33.829241, 35.484292 33.830019, 35.484361 33.830798, 35.48437 33.831422, 35.484436 33.832178, 35.484463 33.83294, 35.484481 33.833704, 35.484558 33.834928, 35.484635 33.835563, 35.484652 33.836646, 35.484697 33.837573, 35.485025 33.838297, 35.486498 33.839059, 35.489008 33.839126, 35.492139 33.839237, 35.494078 33.839142, 35.494145 33.838048, 35.493953 33.836652, 35.494233 33.835452, 35.495136 33.835182, 35.494698 33.836175, 35.494643 33.838049, 35.494224 33.841378, 35.493905 33.84486, 35.493741 33.848839, 35.493598 33.852869, 35.493665 33.856323, 35.494192 33.862178, 35.494356 33.864126, 35.494539 33.866397, 35.494814 33.869315, 35.494969 33.870827, 35.49518 33.872406, 35.495265 33.874111, 35.495347 33.87505, 35.495558 33.875872, 35.49554 33.876779, 35.49543 33.877829, 35.495415 33.878819)",Cola - Hasbaya (Marjoun),,,,,,Cola - Hasbaya (Marjoun),,8,4,Cola,red,7,1,Cola,Hasbaya(marjouyoun),2:04:00,,115,1/1/2002 0:00,8000,5:00:00,8:00:00,chadi,Daily Service,Individual Operators,8_IMG_9056.jpg,Bus (24 Seats),
"LINESTRING (35.550047 33.893734, 35.550654 33.893302, 35.551307 33.893002, 35.552007 33.892659, 35.551513 33.891382, 35.551027 33.890161, 35.550615 33.889446, 35.54879 33.886809, 35.540164 33.878705, 35.53957 33.870753, 35.541806 33.866644, 35.54356 33.868085, 35.54375 33.867929, 35.5448 33.866905, 35.545494 33.865908, 35.546229 33.864808, 35.546924 33.864098, 35.547822 33.863323, 35.552256 33.859762, 35.56451 33.858208, 35.565273 33.859011, 35.568528 33.857639, 35.579416 33.853162, 35.617697 33.87539, 35.623951 33.880217, 35.625994 33.880882, 35.627068 33.882538, 35.628293 33.883018, 35.630648 33.883304, 35.631571 33.883641, 35.6329 33.884568, 35.634925 33.885432, 35.639277 33.885598, 35.647965 33.888332, 35.672419 33.893988, 35.676857 33.892874, 35.677552 33.893195, 35.679624 33.893318, 35.679932 33.894901, 35.678122 33.896026, 35.67719 33.896361, 35.673325 33.89743, 35.670513 33.897327, 35.667872 33.897295, 35.666781 33.898948, 35.664977 33.900112, 35.662117 33.901344, 35.659891 33.9004, 35.657812 33.900651, 35.656878 33.902133, 35.657215 33.904661, 35.66165 33.908474, 35.661886 33.909243, 35.663305 33.909248, 35.664546 33.910548, 35.665577 33.912034, 35.666724 33.912917, 35.66714 33.915023, 35.669249 33.915466, 35.67108 33.91717, 35.673315 33.91748, 35.674858 33.917572, 35.675329 33.917982)",Dora - Bikfaya,,,,,,Dora - Bikfaya,,9,25,Dora,#D8BFD0,5,1,Dora,Bekfaya,1:04:00,Sakr (Line 4),26,1/28/2013 0:00,1500,5:00:00,8:00:00,jad,Daily Service,Individual Operators,,Bus (24 Seats),
"LINESTRING (35.369997 33.565297, 35.368079 33.563692, 35.366714 33.562171, 35.368557 33.559669, 35.368609 33.556838, 35.370377 33.557708, 35.371744 33.557172, 35.371111 33.556659, 35.370078 33.55515, 35.369273 33.553213, 35.368476 33.550923, 35.367791 33.548867, 35.366452 33.545078, 35.364771 33.540128, 35.363501 33.536475, 35.362756 33.534437, 35.362131 33.532095, 35.361009 33.528645, 35.359088 33.523835, 35.357899 33.520431, 35.357201 33.519048, 35.355999 33.516905, 35.354691 33.514925, 35.352092 33.511581, 35.349929 33.508793, 35.348153 33.506146, 35.346196 33.503822, 35.344127 33.501831, 35.341939 33.498894, 35.341034 33.497205, 35.341653 33.494177, 35.341343 33.492014, 35.339431 33.49005, 35.336162 33.485825, 35.334662 33.480194, 35.332873 33.477048, 35.330877 33.474948, 35.328914 33.472027, 35.326065 33.470305, 35.323165 33.469683, 35.319719 33.468006, 35.31747 33.467171, 35.31533 33.467463, 35.31276 33.467912, 35.308148 33.46742, 35.304276 33.466794, 35.301255 33.464417, 35.29931 33.463383, 35.29729 33.462782, 35.294948 33.461802, 35.292346 33.460684, 35.29056 33.459869, 35.288376 33.45847, 35.287466 33.457814, 35.286019 33.455331, 35.284954 33.454031, 35.283747 33.452409, 35.282666 33.450602, 35.280759 33.448064, 35.278775 33.445347, 35.277105 33.441632, 35.275426 33.43719, 35.274629 33.434533, 35.272506 33.431051, 35.270871 33.428431, 35.269521 33.425814, 35.268107 33.422582, 35.267089 33.418323, 35.267116 33.414016, 35.268061 33.410787, 35.266991 33.408388, 35.265566 33.405069, 35.264751 33.399928, 35.26456 33.398054, 35.264379 33.394051, 35.264155 33.388635, 35.264271 33.382567, 35.264648 33.376585, 35.26564 33.371011, 35.265848 33.368095, 35.264265 33.364222, 35.261855 33.361221, 35.260714 33.359404, 35.258414 33.35601, 35.255702 33.351067, 35.255243 33.34756, 35.253504 33.342778, 35.252236 33.33983, 35.251004 33.336932, 35.250802 33.332196, 35.250848 33.330353, 35.24971 33.326955, 35.246751 33.323207, 35.243767 33.319611, 35.240951 33.315852, 35.239636 33.312204, 35.237916 33.3083, 35.236563 33.30515, 35.235682 33.303108, 35.233174 33.298268, 35.230759 33.293968, 35.228845 33.29143, 35.226839 33.288919, 35.22514 33.286654, 35.223373 33.28487, 35.221718 33.283372, 35.220051 33.281438, 35.218499 33.279729, 35.216935 33.27801, 35.215629 33.276638, 35.214522 33.275462, 35.213349 33.274422, 35.211293 33.274331, 35.209269 33.274266, 35.206071 33.273581, 35.202923 33.272223, 35.199669 33.272312)",Saida - Sour,,,,,,Saida - Sour,,10,24,Dora,#9ACD32,7,1,Saida,Sour,1:30:00,,41,1/1/2002 0:00,2000,5:00:00,20:00:00,,Daily Service,Individual Operators,,Bus (24 Seats),
"LINESTRING (35.726101 33.853702, 35.725036 33.852143, 35.725792 33.85071, 35.728079 33.849431, 35.72743 33.848032, 35.72951 33.846702, 35.729387 33.846579, 35.72988 33.846505, 35.730045 33.844451, 35.732837 33.843431, 35.735104 33.842016, 35.735055 33.840733, 35.733878 33.839005, 35.733338 33.837991, 35.731697 33.835273, 35.731762 33.833403, 35.731308 33.831, 35.731745 33.828455, 35.732773 33.82638, 35.732796 33.824804, 35.732803 33.822894, 35.729932 33.822742, 35.726029 33.821366, 35.723438 33.818963, 35.722718 33.815352, 35.719602 33.815404, 35.715758 33.815376, 35.712365 33.814261, 35.705309 33.816405, 35.701896 33.814871, 35.69839 33.81273, 35.69715 33.81121, 35.692873 33.809823, 35.68975 33.810906, 35.686391 33.809905, 35.679997 33.807668, 35.668901 33.806201, 35.663432 33.806692, 35.661156 33.807891, 35.656293 33.809851, 35.650859 33.811962, 35.64519 33.813802, 35.639308 33.812455, 35.635017 33.812025, 35.627869 33.812455, 35.624172 33.813816, 35.622013 33.813048, 35.621841 33.814141, 35.619186 33.814428, 35.60915 33.814203, 35.607615 33.816692, 35.604606 33.81946, 35.600763 33.822389, 35.596826 33.826064, 35.593605 33.828509, 35.590826 33.828371, 35.589417 33.823988, 35.587936 33.826099, 35.587494 33.829146, 35.586612 33.829968, 35.584246 33.830734, 35.582819 33.830929, 35.582138 33.830838, 35.582438 33.828832, 35.569773 33.830332, 35.567363 33.834495, 35.562995 33.837273, 35.559289 33.840163, 35.557985 33.842357, 35.55634 33.8445, 35.554307 33.849202, 35.549133 33.848845, 35.545819 33.849624, 35.541329 33.85066, 35.537691 33.852014, 35.534645 33.856137, 35.530453 33.861374, 35.530537 33.86455, 35.52742 33.867803, 35.525575 33.871021, 35.524501 33.87381, 35.522939 33.876759, 35.521134 33.878966, 35.520702 33.879436, 35.516459 33.878889, 35.511833 33.878605, 35.507245 33.878272, 35.504465 33.877801, 35.50163 33.878168, 35.499525 33.878512, 35.496144 33.87757, 35.495583 33.876729)",Cola - Qornayel,,,,,,Cola - Qornayel,,11,23,Dora,#DB7093,5,1,cola,Qornayel,1:15:00,Bus 16,35,8/28/2015 0:00,3000,5:00:00,21:00:00,,Daily Service,Individual Operators,,Bus (24 Seats),
"LINESTRING (35.549663 33.893567, 35.550096 33.893579, 35.551636 33.893658, 35.552677 33.893744, 35.554376 33.894263, 35.556734 33.894762, 35.558826 33.895133, 35.560526 33.895422, 35.562575 33.895861, 35.564351 33.896125, 35.564904 33.895949, 35.565781 33.896467, 35.56707 33.897359, 35.567725 33.898136, 35.569454 33.899819, 35.571799 33.901923, 35.57424 33.904544, 35.575595 33.905738, 35.577888 33.907995, 35.579 33.909122, 35.580619 33.911338, 35.583439 33.91542, 35.583892 33.917023, 35.588134 33.917068, 35.616772 33.924254, 35.632055 33.925987, 35.631485 33.923137, 35.629039 33.920609, 35.629902 33.920337, 35.634903 33.920752, 35.650979 33.923046, 35.656913 33.92143, 35.658804 33.921141, 35.662278 33.918343, 35.675501 33.917785, 35.687691 33.919431, 35.691065 33.919151, 35.689546 33.918062, 35.688228 33.916227, 35.68707 33.914901, 35.69129 33.913881, 35.695454 33.913943, 35.697901 33.912179, 35.700279 33.90917, 35.701789 33.908421, 35.704281 33.910432, 35.709086 33.912473, 35.711597 33.909778, 35.711462 33.90812, 35.712845 33.907245, 35.716792 33.904579, 35.720132 33.904027, 35.726289 33.906171, 35.731085 33.906862, 35.73504 33.909312, 35.737825 33.909569, 35.740588 33.910795, 35.740549 33.911008, 35.742861 33.911645, 35.745466 33.911874, 35.749299 33.912193)",Dora - Mrouj,,,,,,Dora - Mrouj,,12,20,Dora,purple,6,1,Dora,Mrouj,1:35:00,,23,1/21/2013 0:00,,5:00:00,7:00:00,jad,Daily Service,OCFTC,,Bus (24 Seats),
"LINESTRING (35.835573 34.433769, 35.833937 34.429041, 35.826725 34.420842, 35.824474 34.420831, 35.823723 34.417865, 35.820756 34.410523, 35.816342 34.405913, 35.810644 34.400465, 35.809157 34.398517, 35.801607 34.393654, 35.793306 34.387964, 35.783195 34.383322, 35.769858 34.377179, 35.763416 34.376255, 35.755224 34.371078, 35.74801 34.361918, 35.742367 34.355903, 35.743118 34.345202, 35.737451 34.334623, 35.734017 34.322852, 35.730212 34.315143, 35.721518 34.309, 35.712474 34.304586, 35.708065 34.297538, 35.7049 34.289879, 35.697621 34.282931, 35.692749 34.277979, 35.681418 34.271384, 35.670564 34.266058, 35.667813 34.259172, 35.666983 34.250238, 35.664784 34.24201, 35.659746 34.23506, 35.659039 34.226859, 35.655644 34.218806, 35.653166 34.213525, 35.652404 34.211376, 35.649965 34.208964, 35.642148 34.20518, 35.639049 34.197656, 35.636496 34.192988, 35.635894 34.185641, 35.634169 34.17725, 35.632512 34.171021, 35.63501 34.161688, 35.633995 34.153319, 35.636019 34.14335, 35.644089 34.136699, 35.647753 34.129336, 35.651289 34.123261, 35.652546 34.112649, 35.653376 34.104765, 35.653538 34.096027, 35.652129 34.087917, 35.650911 34.079861, 35.644397 34.016334, 35.648001 34.013563, 35.649688 34.009107, 35.648122 34.002739, 35.643478 33.992351, 35.63924 33.984964, 35.631382 33.978444, 35.62616 33.978165, 35.621001 33.979253, 35.612386 33.974416, 35.605104 33.963097, 35.599977 33.956987, 35.592815 33.951788, 35.592301 33.945601, 35.590407 33.938323, 35.58603 33.922932, 35.581471 33.913216, 35.580059 33.911061, 35.567891 33.898581, 35.566422 33.897268, 35.564239 33.896448, 35.553794 33.894325, 35.550466 33.893766, 35.547251 33.894506, 35.541848 33.895944, 35.537292 33.897065, 35.528495 33.899171, 35.521822 33.898253, 35.5162 33.896882)",Beirut - Tripoli,,,,,,Beirut - Tripoli,,13,19,Charles helou,Fuchsia,5,1,charles helou,sehit el nour(tripoly),1:35:00,,72,4/16/2016 0:00,5000,5:00:00,7:30:00,jad,Inter-Urban Express,Connexion,,"Coach (\""Pullman\"")",
"LINESTRING (35.837053 34.436764, 35.836765 34.435859, 35.835905 34.434217, 35.835117 34.432074, 35.834426 34.430066, 35.833702 34.428208, 35.832972 34.426253, 35.832136 34.424102, 35.830959 34.421186, 35.828736 34.420792, 35.825954 34.421037, 35.823636 34.420594, 35.823414 34.417226, 35.821673 34.414499, 35.820709 34.409986, 35.816441 34.40595, 35.811938 34.402213, 35.809417 34.398918, 35.807277 34.396969, 35.802855 34.394363, 35.798059 34.391618, 35.793487 34.388141, 35.788692 34.385273, 35.783689 34.38355, 35.778219 34.381022, 35.77468 34.379341, 35.770452 34.377401, 35.765207 34.376454, 35.759416 34.375056, 35.756909 34.373238, 35.754135 34.368374, 35.750161 34.363125, 35.744368 34.360077, 35.742418 34.354881, 35.74341 34.349399, 35.743359 34.346876, 35.741571 34.341576, 35.738211 34.336129, 35.736532 34.332485, 35.735068 34.327227, 35.734084 34.323154, 35.732948 34.319408, 35.729758 34.314727, 35.723748 34.310475, 35.718013 34.306087, 35.711982 34.304456, 35.708548 34.299545, 35.70666 34.294207, 35.704932 34.290575, 35.704643 34.287956, 35.697451 34.282856, 35.693203 34.278792, 35.688403 34.274663, 35.682336 34.271913, 35.676382 34.269154, 35.671063 34.266539, 35.667812 34.261723, 35.668328 34.256629, 35.66751 34.251377, 35.66623 34.249214, 35.665001 34.245921, 35.664862 34.242496, 35.662123 34.238394, 35.659232 34.231772, 35.65819 34.225302, 35.65617 34.219745, 35.653535 34.214792, 35.652523 34.212126, 35.651493 34.21014, 35.64687 34.207691, 35.641583 34.20489, 35.639312 34.20001, 35.637103 34.194862, 35.636756 34.189527, 35.63546 34.183732, 35.634163 34.17846, 35.632026 34.172873, 35.632579 34.167419, 35.634622 34.162983, 35.634789 34.157575, 35.633833 34.152536, 35.633574 34.147935, 35.634703 34.145207, 35.636455 34.142781, 35.640558 34.139248, 35.644557 34.136184, 35.646902 34.131691, 35.649109 34.127347, 35.651278 34.122811, 35.651529 34.119144, 35.651918 34.115185, 35.652958 34.110604, 35.653322 34.10355, 35.653474 34.096546, 35.651911 34.090071, 35.650516 34.083692, 35.649404 34.078014, 35.64502 34.073298, 35.644257 34.067487, 35.645974 34.062192, 35.64409 34.057479, 35.64121 34.055375, 35.63803 34.051031, 35.635056 34.046371, 35.631751 34.042305, 35.62893 34.038258, 35.628752 34.034406, 35.631623 34.02985, 35.631148 34.025007, 35.63288 34.020323, 35.637728 34.016775, 35.643745 34.016279, 35.647978 34.013239, 35.649396 34.008243, 35.648278 34.003397, 35.646444 33.998787, 35.64441 33.993946, 35.6421 33.98959, 35.640004 33.985836, 35.636884 33.982885, 35.634128 33.980569, 35.630933 33.978178, 35.628408 33.977776, 35.624387 33.978754, 35.619858 33.978977, 35.616171 33.976696, 35.612338 33.974383, 35.609376 33.971035, 35.607592 33.967742, 35.605713 33.964318, 35.603698 33.960863, 35.598823 33.956382, 35.593595 33.954136, 35.592698 33.948333, 35.591479 33.943543, 35.590523 33.93916, 35.5894 33.934789, 35.588179 33.930172, 35.587168 33.926962, 35.585846 33.922113, 35.584733 33.91923, 35.583133 33.915801, 35.580681 33.912047, 35.578059 33.908703, 35.574767 33.905345, 35.571356 33.901966, 35.568088 33.898929, 35.565977 33.897162, 35.56388 33.896398, 35.560493 33.895657, 35.556116 33.89481, 35.551894 33.894126, 35.549532 33.894223, 35.545565 33.89508, 35.540782 33.896262, 35.535434 33.897591, 35.529068 33.899116, 35.523222 33.898774, 35.518842 33.896732, 35.514277 33.897109)",Beirut - Tripoli,,,,,,Beirut - Tripoli,,15,19,Charles helou,,5,1,charles helou,Tripoly,0:00:00,,0,1/1/2002 0:00,,0:00:00,0:00:00,,Daily Service,Individual Operators,,Bus (24 Seats),
"LINESTRING (35.579064 33.876001, 35.578425 33.876419, 35.577955 33.87682, 35.577782 33.878007, 35.57726 33.878604, 35.577661 33.878995, 35.577989 33.879442, 35.578008 33.879526, 35.578122 33.879673, 35.577954 33.879943, 35.576519 33.879704, 35.57673 33.880621, 35.576473 33.880919, 35.575399 33.881268, 35.573953 33.880847, 35.573431 33.881487, 35.574534 33.882342, 35.573868 33.882835, 35.572477 33.883175, 35.57152 33.883582, 35.570729 33.882952, 35.570512 33.883914, 35.570845 33.884804, 35.570502 33.88568, 35.570127 33.885926, 35.570545 33.886797, 35.570815 33.887557, 35.57013 33.888074, 35.568187 33.889771, 35.567493 33.890108, 35.565947 33.890599, 35.564663 33.890997, 35.563219 33.891842, 35.56258 33.892099, 35.562008 33.891666, 35.562177 33.891209, 35.562043 33.890878, 35.561714 33.89018, 35.561484 33.889647, 35.561207 33.889124, 35.560746 33.888271, 35.560582 33.887888, 35.560185 33.887603, 35.559008 33.88792, 35.558917 33.888922, 35.558818 33.889535, 35.558844 33.890235, 35.558812 33.89131, 35.558638 33.892019, 35.557996 33.892451, 35.55712 33.892005, 35.555853 33.891328, 35.554905 33.890561, 35.554231 33.890276, 35.553335 33.889973, 35.552205 33.889249, 35.551276 33.889005, 35.549724 33.88876, 35.548554 33.889205, 35.547888 33.890078, 35.546934 33.889896, 35.546551 33.88919, 35.54604 33.888271, 35.545509 33.887686, 35.544051 33.888009, 35.543258 33.888245, 35.542842 33.88897, 35.542601 33.888774, 35.541827 33.888758, 35.541396 33.888884, 35.540702 33.888982, 35.540434 33.888916, 35.53969 33.889421, 35.538416 33.890158, 35.538106 33.890022, 35.536939 33.890324, 35.536016 33.891264, 35.535982 33.891968, 35.535916 33.892882, 35.536273 33.893759, 35.536873 33.894273, 35.537055 33.894468, 35.537235 33.894653, 35.53765 33.894963, 35.537712 33.895149, 35.536008 33.895506, 35.535496 33.895603, 35.534858 33.894458, 35.533291 33.891203, 35.532258 33.890449, 35.531162 33.8906, 35.52908 33.889713, 35.525281 33.888266, 35.522913 33.887847, 35.520904 33.887392, 35.520794 33.887295, 35.520775 33.887208, 35.51968 33.886993, 35.517937 33.886924, 35.514624 33.886793, 35.513398 33.886724, 35.511642 33.886615, 35.510205 33.886784, 35.508827 33.88676, 35.508412 33.886621, 35.507337 33.887828, 35.506589 33.890698, 35.506924 33.893194, 35.506413 33.894173, 35.506446 33.8924, 35.506157 33.89134, 35.506245 33.890719, 35.506152 33.887451, 35.505214 33.887736, 35.504501 33.888047, 35.503596 33.888282, 35.502479 33.88853, 35.501294 33.888752, 35.499868 33.888917, 35.4985 33.888627, 35.497461 33.888945, 35.495625 33.889427, 35.494656 33.889572, 35.493704 33.89, 35.492498 33.89003, 35.490039 33.890247, 35.48735 33.8909)",Hamra - Ain Saadeh,,,,,,Hamra - Ain Saadeh,,16,8,Hamra,yellow,5,1,hamra,ain saadeh,1:30:00,Bus 5,17,1/1/2002 0:00,1000,5:00:00,7:30:00,jad,Daily Service,Individual Operators,,Bus (24 Seats),
"LINESTRING (35.55706 33.67996, 35.55656 33.68015, 35.55445 33.68144, 35.55261 33.68113, 35.54967 33.68242, 35.5472 33.6821, 35.54288 33.68038, 35.54278 33.68152, 35.54496 33.68295, 35.54676 33.68371, 35.54956 33.68481, 35.55257 33.68517, 35.55328 33.6854, 35.55207 33.68554, 35.55132 33.68569, 35.55254 33.68611, 35.55329 33.68668, 35.54333 33.68426, 35.54044 33.6839, 35.53929 33.68421, 35.53449 33.68185, 35.53644 33.68345, 35.53878 33.68583, 35.54394 33.68769, 35.54571 33.68771, 35.54661 33.68807, 35.54377 33.68912, 35.5413 33.69012, 35.53585 33.69057, 35.53145 33.6902, 35.52687 33.68856, 35.52469 33.68744, 35.51928 33.68763, 35.51834 33.68811, 35.51705 33.68831, 35.5103 33.69033, 35.50629 33.68918, 35.50318 33.6877, 35.49977 33.6865, 35.49798 33.6864, 35.49497 33.68877, 35.49114 33.68897, 35.48748 33.69154, 35.48423 33.69298, 35.48 33.69708, 35.48422 33.69544, 35.48506 33.6972, 35.48671 33.69933, 35.48323 33.69772, 35.47818 33.69883, 35.47343 33.69843, 35.46925 33.70089, 35.46835 33.7028, 35.469 33.70347, 35.46788 33.70478, 35.46508 33.70493, 35.45952 33.70677, 35.45566 33.70889, 35.45274 33.70756, 35.45052 33.70528, 35.44956 33.7083, 35.44914 33.70924, 35.45074 33.713, 35.45198 33.71806, 35.45276 33.72485, 35.45353 33.73148, 35.45395 33.73715, 35.45246 33.74814, 35.45259 33.75002, 35.45446 33.75319, 35.46034 33.76227, 35.46644 33.76803, 35.46894 33.77149, 35.47259 33.7771, 35.47792 33.78547, 35.4819 33.79161, 35.48281 33.79385, 35.48255 33.7961, 35.48278 33.79764, 35.48991 33.80672, 35.4996 33.81935, 35.50528 33.82688, 35.50543 33.8273, 35.50389 33.82972, 35.49989 33.83256, 35.49671 33.83394, 35.4947 33.83534, 35.49459 33.83824, 35.49401 33.84261, 35.49354 33.85628, 35.49399 33.86146, 35.49447 33.86721, 35.49514 33.87515)",Cola - Kafarhim el Chouf (Baakline),,,,,,Cola - Kafarhim el Chouf (Baakline),,17,16,Cola,blue,5,1,Cola,kafarhim el chouf(baakline),1:30:00,,0,6/6/2017 0:00,3000,5:00:00,8:00:00,rashad,Daily Service,Individual Operators,,Bus (24 Seats),
"LINESTRING (35.487565 33.894881, 35.48768 33.894286, 35.487565 33.893405, 35.486919 33.892547, 35.486196 33.892474, 35.485491 33.891977, 35.484698 33.891471, 35.484203 33.890709, 35.483685 33.889885, 35.483374 33.889492, 35.48295 33.888798, 35.483158 33.888474, 35.48329 33.887114, 35.483345 33.886574, 35.483188 33.885439, 35.483251 33.884621, 35.483802 33.883995, 35.484176 33.883445, 35.484258 33.882937, 35.484384 33.882394, 35.484846 33.882131, 35.485441 33.881967, 35.486256 33.881574, 35.486936 33.881551, 35.487795 33.881492, 35.488843 33.881183, 35.490799 33.880656, 35.491946 33.880243, 35.492514 33.880137, 35.4932 33.879839, 35.495173 33.879334, 35.495624 33.879148, 35.498198 33.878705, 35.500433 33.878315, 35.502508 33.878015, 35.502844 33.878013, 35.503248 33.87781, 35.504128 33.877764, 35.504919 33.877598, 35.505386 33.877533, 35.506025 33.877897, 35.506598 33.878589, 35.506724 33.878279, 35.506547 33.878334, 35.507251 33.878423, 35.509871 33.878428, 35.512772 33.878713, 35.513994 33.878674, 35.516571 33.87889, 35.517529 33.878901, 35.518765 33.879203, 35.519739 33.878949, 35.520184 33.878966, 35.520109 33.878539, 35.519807 33.878203, 35.519515 33.877328, 35.518957 33.876038)",Hamra - Badaro,,,,,,Hamra - Badaro,,18,15,Hamra,teal,5,1,hamra,badaro(furn el shebeck),0:30:00,Bus 24,0,3/25/2016 0:00,1000,6:00:00,7:00:00,chadi,Daily Service,Individual Operators,,Bus (24 Seats),
"LINESTRING (35.54269 33.832425, 35.542578 33.831427, 35.542192 33.830644, 35.541691 33.831256, 35.540519 33.832393, 35.539367 33.833061, 35.535854 33.834565, 35.53266 33.835166, 35.532164 33.837915, 35.531956 33.838635, 35.532056 33.839312, 35.530928 33.839688, 35.530341 33.838198, 35.530029 33.839698, 35.529709 33.840309, 35.530523 33.840689, 35.530586 33.840776, 35.531783 33.840659, 35.533219 33.840652, 35.53466 33.840993, 35.53473 33.842206, 35.534554 33.845014, 35.534936 33.845691, 35.534598 33.847512, 35.534863 33.849677, 35.534112 33.853652, 35.533721 33.855103, 35.530456 33.854921, 35.529138 33.854838, 35.527907 33.85467, 35.527086 33.855887, 35.527184 33.856897, 35.527111 33.858154, 35.526505 33.861454, 35.526374 33.862952, 35.526672 33.864045, 35.52748 33.865671, 35.528769 33.866146, 35.530684 33.866122, 35.53278 33.865992, 35.53569 33.866746, 35.536009 33.867415, 35.536529 33.868436, 35.536673 33.869233, 35.536759 33.870091, 35.536553 33.871088, 35.537454 33.873266, 35.53842 33.874454, 35.538961 33.875532, 35.53996 33.877184, 35.541492 33.878033, 35.54255 33.878591, 35.543373 33.879377, 35.543698 33.880993, 35.543455 33.881644, 35.543158 33.882629, 35.544666 33.883761, 35.54634 33.884787, 35.549807 33.886411, 35.548754 33.885694, 35.545678 33.887437, 35.543767 33.888377, 35.543825 33.888966, 35.544492 33.889012, 35.545291 33.889712, 35.546383 33.890658, 35.547724 33.891652, 35.54817 33.891988, 35.548771 33.892416, 35.549286 33.89275, 35.549722 33.892867, 35.54994 33.892944, 35.550377 33.893162)",Bourj Hamoud - Baabda,,,,,,Bourj Hamoud - Baabda,,19,14,Dora,Aqua,5,1,Dora,Baabda,0:50:00,22,13,3/29/2013 0:00,1000,6:00:00,18:00:00,chadi,Daily Service,OCFTC,,Bus (24 Seats),
"LINESTRING (35.545791 33.884625, 35.543989 33.883542, 35.543003 33.88303, 35.540238 33.881334, 35.539694 33.880874, 35.539748 33.880348, 35.539833 33.879677, 35.539995 33.878967, 35.540101 33.878573, 35.539901 33.878189, 35.539754 33.877262, 35.538697 33.875515, 35.537698 33.873924, 35.537071 33.872722, 35.53652 33.871672, 35.53635 33.871249, 35.536229 33.87025, 35.536281 33.869804, 35.535922 33.867387, 35.535398 33.866589, 35.533946 33.866136, 35.533529 33.866066, 35.532637 33.866166, 35.530727 33.866229, 35.528941 33.866276, 35.527657 33.866354, 35.527046 33.865125, 35.526515 33.8642, 35.526255 33.863592, 35.526283 33.863054, 35.52634 33.861879, 35.526418 33.861279, 35.526557 33.86058, 35.526677 33.859089, 35.526652 33.85866, 35.526863 33.856708, 35.526991 33.8568, 35.527023 33.856249, 35.52705 33.85552, 35.527482 33.854394, 35.52824 33.854496, 35.529087 33.854506, 35.529563 33.854539, 35.530279 33.854599, 35.531249 33.854695, 35.534158 33.854421, 35.534335 33.85123, 35.534562 33.850252, 35.534588 33.847418, 35.534249 33.845268, 35.533256 33.843835, 35.532531 33.841845, 35.532196 33.840462, 35.531074 33.840776, 35.529911 33.840905, 35.529541 33.840487, 35.529105 33.839817, 35.5291 33.839347, 35.529871 33.838702, 35.529658 33.837572, 35.53041 33.836792, 35.530904 33.839662, 35.531987 33.839555, 35.531955 33.838571, 35.532191 33.836735, 35.532905 33.834981, 35.533311 33.834915, 35.534784 33.834737, 35.537586 33.834005, 35.539543 33.832805, 35.54098 33.832057, 35.541639 33.830472, 35.542506 33.831126, 35.543061 33.833182, 35.544124 33.833548, 35.54382 33.83424, 35.542858 33.833994, 35.541382 33.834349)",Bourj Hamoud - Baabda,,,,,,Bourj Hamoud - Baabda,,20,14,Dora,green,5,1,Bourj Hamoud,baabda,0:55:00,22,10,3/29/2016 0:00,1000,5:30:00,7:00:00,chadi,Daily Service,Individual Operators,,Bus (24 Seats),
"LINESTRING (35.54024 33.880609, 35.539879 33.880309, 35.540062 33.87924, 35.540243 33.878449, 35.539462 33.878114, 35.538411 33.878214, 35.537384 33.878364, 35.536335 33.878557, 35.535196 33.878915, 35.534339 33.879283, 35.533349 33.879796, 35.532086 33.880342, 35.531062 33.881233, 35.531316 33.882869, 35.530806 33.884384, 35.530278 33.884675, 35.529674 33.884059, 35.528703 33.882945, 35.527571 33.881805, 35.525523 33.88095, 35.523398 33.880241, 35.521526 33.879616, 35.520523 33.879495, 35.519534 33.879158, 35.518555 33.879029, 35.517466 33.879017, 35.516406 33.878899, 35.515212 33.878911, 35.512875 33.878656, 35.51175 33.878539, 35.510249 33.878483, 35.509194 33.878363, 35.508223 33.878345, 35.507232 33.878374, 35.506315 33.878301, 35.505436 33.877786, 35.505039 33.877648, 35.504863 33.877643, 35.503975 33.877765, 35.503336 33.877813, 35.502509 33.877972, 35.50148 33.878238, 35.500587 33.878339, 35.499784 33.8785, 35.498881 33.878598, 35.497953 33.878788, 35.497052 33.878917, 35.496128 33.879118, 35.495505 33.879301, 35.493991 33.879773, 35.493029 33.880033, 35.492202 33.880265, 35.491238 33.880566, 35.490224 33.880867, 35.489278 33.881003, 35.488485 33.881306, 35.487802 33.881425, 35.486314 33.881708, 35.47904 33.883694, 35.477866 33.884419, 35.477227 33.885302, 35.475822 33.885721, 35.47471 33.886113, 35.474 33.886889, 35.47349 33.887765, 35.472795 33.888604, 35.472102 33.889442, 35.47185 33.890505, 35.471823 33.891225, 35.471528 33.892026, 35.470649 33.892251, 35.469642 33.892435, 35.470017 33.89287, 35.470709 33.893382, 35.470435 33.894351, 35.47037 33.895252, 35.470614 33.896306, 35.470669 33.897205, 35.470768 33.898019, 35.470834 33.89882, 35.470889 33.899657, 35.471261 33.900256, 35.472162 33.90046, 35.47313 33.90074, 35.474193 33.901026, 35.474801 33.901444, 35.475062 33.901401, 35.475698 33.901752, 35.476535 33.901904, 35.477446 33.902078, 35.478369 33.902287, 35.479335 33.902541, 35.480218 33.902712, 35.481243 33.902799, 35.482195 33.902592, 35.483216 33.902356, 35.484182 33.902151, 35.485107 33.901933, 35.485896 33.901659, 35.486694 33.901498, 35.487648 33.901404, 35.488617 33.901281, 35.489814 33.901177, 35.490752 33.901402, 35.491707 33.901392, 35.492712 33.901367, 35.493815 33.90127, 35.495878 33.901126, 35.497094 33.900928, 35.497954 33.901483, 35.498672 33.902079, 35.499809 33.901958, 35.50127 33.90201, 35.502252 33.901798, 35.503507 33.90169, 35.505065 33.90155, 35.505226 33.900869, 35.505815 33.900518, 35.506742 33.900197, 35.507371 33.899978, 35.508484 33.899489, 35.509149 33.89924, 35.510321 33.8989, 35.511379 33.898553, 35.511973 33.898222, 35.512551 33.897486, 35.513332 33.896715, 35.514716 33.896508, 35.51573 33.89648, 35.516877 33.89638, 35.518112 33.896258, 35.519328 33.89647, 35.520547 33.897142, 35.521516 33.897752, 35.522647 33.898281, 35.523645 33.898806, 35.525242 33.899363, 35.526689 33.899292, 35.528251 33.89909, 35.530542 33.898644, 35.53274 33.898105, 35.534665 33.897663, 35.536644 33.897185, 35.538423 33.896726, 35.540217 33.896252, 35.541385 33.895924, 35.542511 33.895633, 35.54368 33.895345, 35.544667 33.895149, 35.545612 33.894851, 35.546872 33.894551, 35.547911 33.894277)",Dora - Naher el Mott - Ain Mreisseh,,,,,,Dora - Naher el Mott - Ain Mreisseh,,21,13,Dora,lime,5,1,Dora full loop 15,ain el mraysi,1:40:00,Bus 15,17,10/16/2016 0:00,1000,6:00:00,8:00:00,chadi,Daily Service,Individual Operators,,Bus (24 Seats),
"LINESTRING (35.48899 33.9014, 35.488199 33.90148, 35.487623 33.901413, 35.486598 33.90173, 35.485208 33.901908, 35.484687 33.902117, 35.483674 33.902242, 35.482842 33.90245, 35.482266 33.9026, 35.480779 33.902808, 35.479597 33.902528, 35.478185 33.902412, 35.477199 33.902202, 35.476022 33.901881, 35.474969 33.901644, 35.473423 33.90103, 35.472356 33.900524, 35.470919 33.90026, 35.470742 33.899991, 35.470642 33.898599, 35.470575 33.896983, 35.470319 33.895265, 35.470396 33.89492, 35.470683 33.893905, 35.470207 33.892968, 35.469421 33.892356, 35.471339 33.892032, 35.471997 33.891, 35.471945 33.890351, 35.472123 33.889772, 35.4725 33.888849, 35.473247 33.887814, 35.474115 33.886503, 35.475826 33.885559, 35.47733 33.884974, 35.477716 33.884305, 35.478499 33.883699, 35.479567 33.882888, 35.480512 33.879788, 35.480832 33.877907, 35.481078 33.876556, 35.481385 33.874685, 35.482848 33.873543, 35.483415 33.872873, 35.483524 33.873742, 35.483591 33.876976, 35.483613 33.87841, 35.483067 33.880495, 35.483105 33.882154, 35.485026 33.881783, 35.48797 33.88126, 35.489368 33.881026, 35.494366 33.879526, 35.495098 33.879304, 35.494915 33.879306, 35.496581 33.878911, 35.497629 33.878631, 35.499245 33.878509, 35.501513 33.878042, 35.50259 33.877907, 35.504367 33.877591, 35.504991 33.877531, 35.506203 33.877974, 35.507755 33.878239, 35.509457 33.878294, 35.510939 33.878444, 35.513626 33.878536, 35.514634 33.878819, 35.516615 33.878814, 35.517775 33.878977, 35.518221 33.878905, 35.518731 33.878983, 35.520788 33.879003, 35.522844 33.879875, 35.523311 33.880107, 35.525391 33.880927, 35.526794 33.88142, 35.528372 33.882353, 35.52917 33.883126, 35.529823 33.883264, 35.529426 33.881847, 35.529947 33.881108, 35.530732 33.880827, 35.531922 33.880339, 35.53398 33.879464, 35.534901 33.878941, 35.536807 33.878384, 35.539133 33.877874, 35.540334 33.877869, 35.542217 33.878353, 35.542697 33.878736, 35.543444 33.879679, 35.543606 33.880537, 35.542935 33.882199, 35.542872 33.882671, 35.544062 33.883393, 35.547482 33.885492, 35.549961 33.886994, 35.551332 33.887752, 35.554059 33.889461, 35.557772 33.891587, 35.559153 33.892476, 35.562243 33.894004, 35.563442 33.894965, 35.565057 33.895788, 35.566173 33.896463, 35.566222 33.897152, 35.564533 33.896582, 35.564221 33.896674, 35.562486 33.896119, 35.560281 33.89564, 35.558546 33.895565, 35.556895 33.895079, 35.554496 33.894563)",Dora - Naher el Mott - Ain Mreisseh,,,,,,Dora - Naher el Mott - Ain Mreisseh,,23,13,Dora,#D8BFD0,5,1,Dora(bahri),ain el mraysi,1:20:00,Bus 15,0,1/1/2016 0:00,1000,5:00:00,20:00:00,Jad,Daily Service,Individual Operators,,Bus (24 Seats),
"LINESTRING (35.487861 33.896303, 35.487767 33.895413, 35.48749 33.894727, 35.487548 33.894056, 35.487511 33.8934, 35.487302 33.893193, 35.487039 33.893169, 35.486184 33.892766, 35.485548 33.891904, 35.484688 33.891331, 35.48413 33.89045, 35.484462 33.890185, 35.484874 33.890003, 35.485867 33.890218, 35.486667 33.890226, 35.486902 33.890234, 35.487534 33.890199, 35.48802 33.890155, 35.488619 33.889947, 35.489322 33.890014, 35.489861 33.889844, 35.490796 33.88978, 35.49194 33.889525, 35.492985 33.889376, 35.493562 33.888963, 35.494237 33.888673, 35.493997 33.888415, 35.494138 33.88814, 35.493844 33.886896, 35.493268 33.886344, 35.492703 33.886057, 35.49264 33.88584, 35.492676 33.885256, 35.492746 33.884778, 35.492412 33.884617, 35.492154 33.884051, 35.49169 33.88333, 35.491551 33.88274, 35.490988 33.881921, 35.490573 33.881297, 35.490309 33.880858, 35.491151 33.880458, 35.492251 33.880145, 35.493134 33.87986, 35.493803 33.879703, 35.494888 33.879094, 35.494909 33.877622, 35.494902 33.876926, 35.494927 33.875652, 35.495394 33.875257, 35.49573 33.874847, 35.496733 33.874089, 35.497131 33.873632, 35.497783 33.873305, 35.498376 33.872738, 35.498736 33.872441, 35.499773 33.871874, 35.500596 33.871185, 35.501308 33.870584, 35.502046 33.870365, 35.502748 33.870186, 35.503557 33.869997, 35.503096 33.867873, 35.502756 33.866657, 35.50326 33.866465, 35.504253 33.866421, 35.50535 33.866372, 35.505709 33.865364, 35.506229 33.865527, 35.506523 33.865816, 35.50747 33.866781, 35.508408 33.867321, 35.508942 33.867646, 35.509257 33.867499, 35.508902 33.866367, 35.50872 33.865672, 35.508846 33.865406, 35.508991 33.865069, 35.509179 33.864521, 35.509474 33.864078, 35.509713 33.863699, 35.509679 33.863186, 35.509857 33.863164, 35.510318 33.862238, 35.511055 33.860615, 35.510936 33.859416, 35.50946 33.859362, 35.507876 33.85901, 35.506838 33.859015, 35.506373 33.858687, 35.506419 33.857693, 35.506543 33.856991, 35.506512 33.856008, 35.506551 33.855484)",Hamra - Borj Barjne,,,,,,Hamra - Borj Barjne,,24,12,Hamra,Maroon,5,1,Hamra,bourj el barjneh,1:30:00,Bus 12,8,1/1/2002 0:00,1000,5:00:00,19:00:00,Jad,Daily Service,Individual Operators,,Bus (24 Seats),
"LINESTRING (35.5668 33.89693, 35.568292 33.897863, 35.569142 33.898035, 35.569335 33.897347, 35.56883 33.895954, 35.567811 33.896219, 35.567574 33.896531, 35.566834 33.896894, 35.567162 33.896584, 35.56843 33.895767, 35.567592 33.895444, 35.566751 33.896009, 35.566419 33.896095, 35.566433 33.895011, 35.567196 33.894429, 35.567798 33.893777, 35.568929 33.892941, 35.569564 33.892285, 35.570058 33.891341, 35.569748 33.891122, 35.568256 33.890383, 35.567514 33.890006, 35.566681 33.889322, 35.565545 33.888977, 35.563467 33.887808, 35.562637 33.887281, 35.561535 33.886753, 35.559993 33.88592, 35.559301 33.885877, 35.558264 33.884907, 35.557099 33.8842, 35.555767 33.883152, 35.554821 33.88238, 35.553762 33.881345, 35.552601 33.88057, 35.552228 33.880069, 35.551701 33.879531, 35.551277 33.878981, 35.551014 33.878822, 35.550219 33.878513, 35.549837 33.878211, 35.54926 33.87783, 35.548138 33.876599, 35.547786 33.875906, 35.547901 33.875189, 35.547409 33.874581, 35.545424 33.872581, 35.54483 33.872068, 35.543891 33.871768, 35.543388 33.870217, 35.543045 33.869377, 35.542238 33.869209, 35.542378 33.868523, 35.541979 33.867248, 35.541502 33.866485, 35.540805 33.865169, 35.540536 33.864543, 35.5387 33.860739, 35.535722 33.861238, 35.534342 33.859884, 35.534157 33.859166, 35.53243 33.860837, 35.531529 33.861946, 35.530047 33.86153, 35.533049 33.858079, 35.533892 33.856771, 35.534351 33.856338, 35.534261 33.855706, 35.53153 33.856067, 35.527747 33.856501, 35.526245 33.856773, 35.524241 33.85707, 35.522296 33.85731, 35.520365 33.857589, 35.519533 33.857551, 35.519474 33.857331, 35.518008 33.857475, 35.516905 33.858013, 35.516574 33.858179, 35.51627 33.858233, 35.515777 33.858147, 35.514705 33.858638, 35.511734 33.859314, 35.509564 33.859257, 35.505256 33.859133, 35.503758 33.859271, 35.502838 33.85924, 35.500972 33.859399, 35.499797 33.859515, 35.498552 33.859553, 35.49464 33.859871, 35.49424 33.859982)",Naher el Mott - Ziad Rahbani Street,,,,,,Naher el Mott - Ziad Rahbani Street,,26,10,Naher el Mott,Magenta,5,1,Naher el mott,Ziad Rahbani street,1:20:00,Bus 6,19,8/1/2024 12:59,1000,5:00:00,19:00:00,chadi,Daily Service,Individual Operators,,Bus (24 Seats),
"LINESTRING (35.484013 33.894225, 35.484409 33.894093, 35.484594 33.892764, 35.484336 33.891998, 35.484757 33.891264, 35.484521 33.890822, 35.484572 33.89008, 35.485858 33.890333, 35.486259 33.890125, 35.486483 33.890302, 35.486651 33.890286, 35.487144 33.890174, 35.487119 33.890226, 35.487624 33.890263, 35.487865 33.890312, 35.487965 33.890201, 35.488347 33.890295, 35.488349 33.890157, 35.488352 33.890153, 35.489198 33.89001, 35.489735 33.889805, 35.49081 33.889803, 35.492569 33.889456, 35.494742 33.889056, 35.496379 33.888755, 35.497255 33.888608, 35.498193 33.888748, 35.500669 33.888791, 35.501874 33.888764, 35.504244 33.888232, 35.50597 33.887483, 35.507086 33.886816, 35.50804 33.886771, 35.508743 33.886647, 35.508768 33.886608, 35.5088 33.886503, 35.508951 33.886598, 35.50951 33.886489, 35.511131 33.886667, 35.513955 33.886797, 35.516243 33.886817, 35.517238 33.886877, 35.518863 33.887119, 35.520391 33.887266, 35.520599 33.887226, 35.520798 33.888753, 35.52089 33.889644, 35.52092 33.889952, 35.520923 33.890556, 35.5209 33.891241, 35.520917 33.891319, 35.518001 33.892117, 35.519255 33.89404, 35.519326 33.894837, 35.522886 33.895903, 35.525351 33.896936, 35.527494 33.898848, 35.534814 33.897529, 35.538644 33.89656, 35.541017 33.895934, 35.545589 33.894626, 35.548867 33.893864, 35.550395 33.89338, 35.551821 33.892749, 35.553299 33.892336, 35.553531 33.891259, 35.554077 33.889824, 35.554359 33.889527, 35.557883 33.891613, 35.559784 33.892447, 35.562268 33.892078, 35.562982 33.891616, 35.563499 33.892706, 35.564739 33.894304, 35.565377 33.895944, 35.566609 33.89671, 35.569487 33.897826, 35.570843 33.898958, 35.572617 33.900284, 35.573944 33.90158, 35.575833 33.903194, 35.576436 33.903922, 35.578508 33.905543, 35.580416 33.90733, 35.582765 33.90967, 35.584895 33.912388, 35.585747 33.913165, 35.586244 33.913606, 35.586314 33.913662, 35.586642 33.913925, 35.58743 33.9145, 35.587734 33.914712, 35.587771 33.914736, 35.587867 33.914799, 35.587976 33.914871, 35.587965 33.914715, 35.588344 33.915204, 35.58882 33.915682, 35.588793 33.915729, 35.588906 33.915775, 35.588849 33.915909, 35.588903 33.915834)",Hamra - Antelias,,,,,,Hamra - Antelias,,28,7,Hamra,green,5,1,Hamra,antelias,1:30:00,Bus 2,10,1/1/2016 0:00,1000,5:00:00,19:00:00,chadi,Daily Service,Individual Operators,,Bus (24 Seats),
